{"O0": 0.5526666666666666, "O1": 0.25766666666666665, "O2": 0.23633333333333334, "O3": 0.22266666666666668}